<scenefile>
    <globaldata>
	<diffusecoeff v="0.5"/>
	<specularcoeff v="0.5"/>
	<ambientcoeff v="0.5"/>
    </globaldata>

    <cameradata>
	<pos x="0" y="0" z="5"/>
	<focus x="0" y="0" z="-1"/>
	<up x="0" y="1" z="0"/>
	<heightangle v="45"/>
    </cameradata>

    <lightdata>
	<id v="0"/>
	<color r="1" g="1" b="1"/>
	<position x="4" y="4" z="4"/>
    </lightdata>

    <lightdata>
	<id v="1"/>
	<color r="1" g="1" b="1"/>
	<position x="-3" y="3" z="3"/>
    </lightdata>

    <lightdata>
	<id v="2"/>
	<color r="1" g="1" b="1"/>
	<position x="-3" y="3" z="-3"/>
    </lightdata>

    <lightdata>
	<id v="3"/>
	<color r="1" g="1" b="1"/>
	<position x="3" y="3" z="-3"/>
    </lightdata>

    <object type="tree" name="root">
	<transblock>
	    <scale x="1" y=".8" z="1"/>
	    <translate x="0" y=".5" z="0"/>
	    <object type="primitive" name="sphere" >
		<diffuse r="0" g="0" b="1"/>
	    </object>
	    <object type="tree">
	    <transblock>
			<scale x=".2" y=".2" z=".2"/>
			<translate x="0" y="2" z="0" />
			<object type="primitive" name="sphere">
				<diffuse r="1'" g="0" b="0"/>
			</object>
		</transblock>
	</object>
	</transblock>

	
	
	
	</object>

</scenefile>

