<scenefile>
	<globaldata>
		<diffusecoeff v="0.5"/>
		<specularcoeff v="0.5"/>
		<ambientcoeff v="0.5"/>
	</globaldata>

	<cameradata>
		<pos x="2" y="5" z="10"/>
		<focus x="0" y="2" z="0"/>
		<up x="0" y="1" z="0"/>
		<heightangle v="45"/>
	</cameradata>

	<lightdata>
		<id v="0"/>
		<color r="1" g="1" b="1"/>
		<position x="0" y="5" z="0"/>
	</lightdata>

	<lightdata>
		<id v="1"/>
		<color r="1" g="0" b="0"/>
		<position x="5" y="5" z="0"/>
	</lightdata>

	<lightdata>
		<id v="2"/>
		<color r="1" g="0" b="0"/>
		<position x="-5" y="5" z="0"/>
	</lightdata>

	<object type="tree" name="spike">
		<transblock>
			<translate x="0" y="1.5" z="0"/>
			<scale x="0.15" y="3" z="0.05"/>
			<object type="primitive" name="cube" >
				<diffuse r="0" g="0.2" b="1"/>
			</object>
			<object type="tree">
				<transblock>
					<translate x="0" y="0.6" z="0"/>
					<scale x="1" y="0.2" z="1"/>
					<object type="primitive" name="cone" >
						<diffuse r="1" g="0" b="0"/>
					</object>
				</transblock>
			</object>
		</transblock>
	</object>
	
	<object type="tree" name="Back">
		<transblock>
			<translate x="0" y="0" z="-0.5"/>
			<rotate x="0" y="0" z="1" angle="35"/>
			<scale x = "1" y = "1" z = "1" />
			<object type ="master" name = "spike"/>
		</transblock>
		<transblock>
			<translate x="0" y="0" z="-0.5"/>
			<rotate x="0" y="0" z="1" angle="30"/>
			<scale x = "1" y = "1" z = "1" />
			<object type ="master" name = "spike"/>
		</transblock>
		<transblock>
			<translate x="0" y="0" z="-0.5"/>
			<rotate x="0" y="0" z="1" angle="25"/>
			<scale x = "1" y = "1" z = "1" />
			<object type ="master" name = "spike"/>
		</transblock>
		<transblock>
			<translate x="0" y="0" z="-0.5"/>
			<rotate x="0" y="0" z="1" angle="20"/>
			<scale x = "1" y = "1" z = "1" />
			<object type ="master" name = "spike"/>
		</transblock>
		<transblock>
			<translate x="0" y="0" z="-0.5"/>
			<rotate x="0" y="0" z="1" angle="15"/>
			<scale x = "1" y = "1" z = "1" />
			<object type ="master" name = "spike"/>
		</transblock>
		<transblock>
			<translate x="0" y="0" z="-0.5"/>
			<rotate x="0" y="0" z="1" angle="10"/>
			<scale x = "1" y = "1" z = "1" />
			<object type ="master" name = "spike"/>
		</transblock>
		<transblock>
			<translate x="0" y="0" z="-0.5"/>
			<rotate x="0" y="0" z="1" angle="5"/>
			<scale x = "1" y = "1" z = "1" />
			<object type ="master" name = "spike"/>
		</transblock>
		<transblock>
			<translate x="0" y="0" z="-0.5"/>
			<rotate x="0" y="0" z="1" angle="0"/>
			<scale x = "1" y = "1" z = "1" />
			<object type ="master" name = "spike"/>
		</transblock>
		<transblock>
			<translate x="0" y="0" z="-0.5"/>
			<rotate x="0" y="0" z="1" angle="-35"/>
			<scale x = "1" y = "1" z = "1" />
			<object type ="master" name = "spike"/>
		</transblock>
		<transblock>
			<translate x="0" y="0" z="-0.5"/>
			<rotate x="0" y="0" z="1" angle="-30"/>
			<scale x = "1" y = "1" z = "1" />
			<object type ="master" name = "spike"/>
		</transblock>
		<transblock>
			<translate x="0" y="0" z="-0.5"/>
			<rotate x="0" y="0" z="1" angle="-25"/>
			<scale x = "1" y = "1" z = "1" />
			<object type ="master" name = "spike"/>
		</transblock>
		<transblock>
			<translate x="0" y="0" z="-0.5"/>
			<rotate x="0" y="0" z="1" angle="-20"/>
			<scale x = "1" y = "1" z = "1" />
			<object type ="master" name = "spike"/>
		</transblock>
		<transblock>
			<translate x="0" y="0" z="-0.5"/>
			<rotate x="0" y="0" z="1" angle="-15"/>
			<scale x = "1" y = "1" z = "1" />
			<object type ="master" name = "spike"/>
		</transblock>
		<transblock>
			<translate x="0" y="0" z="-0.5"/>
			<rotate x="0" y="0" z="1" angle="-10"/>
			<scale x = "1" y = "1" z = "1" />
			<object type ="master" name = "spike"/>
		</transblock>
		<transblock>
			<translate x="0" y="0" z="-0.5"/>
			<rotate x="0" y="0" z="1" angle="-5"/>
			<scale x = "1" y = "1" z = "1" />
			<object type ="master" name = "spike"/>
		</transblock>
	</object>

	<object type="tree" name="Arm">
		<transblock>
			<translate x="0" y="0.3" z="0.5"/>
			<scale x="0.2" y="1.3" z="0.2"/>
			<object type="primitive" name="cylinder" >
				<diffuse r="1" g="0" b="0"/>
			</object>
		</transblock>
		<transblock>
			<translate x="0" y="0.3" z="-0.3"/>
			<scale x="0.2" y="1.3" z="0.2"/>
			<object type="primitive" name="cylinder" >
				<diffuse r="1" g="0" b="0"/>
			</object>
		</transblock>
		<transblock>
			<translate x="0" y="1" z="0.2"/>
			<rotate x="1" y="0" z="0" angle="90"/>
			<scale x="0.3" y="1" z="0.3"/>
			<object type="primitive" name="cylinder" >
				<diffuse r="1" g="0" b="0"/>
			</object>
		</transblock>
		<transblock>
			<translate x="0" y="1" z="0.2"/>
			<scale x="0.3" y="1" z="0.3"/>
			<object type="primitive" name="cone" >
				<diffuse r="1" g="0" b="0"/>
			</object>
		</transblock>
		<transblock>
			<translate x="0" y="1" z="0.5"/>
			<scale x="0.3" y="1" z="0.3"/>
			<object type="primitive" name="cone" >
				<diffuse r="1" g="0" b="0"/>
			</object>
		</transblock>
		<transblock>
			<translate x="0" y="1" z="-0.2"/>
			<scale x="0.3" y="1" z="0.3"/>
			<object type="primitive" name="cone" >
				<diffuse r="1" g="0" b="0"/>
			</object>
		</transblock>
	</object>

	<object type="tree" name="pillar">
		<transblock>
			<scale x="5" y="50" z="5"/>
			<object type="primitive" name="cylinder" >
				<diffuse r="1" g="0" b="0"/>
			</object>
		</transblock>
	</object>

	<object type="tree" name="root">
		<transblock>
			<translate x="8" y="0" z="-5"/>
			<scale x="0.7" y="1" z="0.7"/>
			<object type="master" name="pillar" />
		</transblock>
		<transblock>
			<translate x="-8" y="0" z="-5"/>
			<scale x="0.7" y="1" z="0.7"/>
			<object type="master" name="pillar" />
		</transblock>
		<transblock>
			<translate x="3" y="0" z="-5"/>
			<scale x="0.7" y="1" z="0.7"/>
			<object type="master" name="pillar" />
		</transblock>
		<transblock>
			<translate x="-3" y="0" z="-5"/>
			<scale x="0.7" y="1" z="0.7"/>
			<object type="master" name="pillar" />
		</transblock>
		<transblock>
			<translate x="0" y="-0.5" z="0"/>
			<scale x="100" y="0.3" z="100"/>
			<object type="primitive" name="cube" >
				<diffuse r="1" g="1" b="0"/>
			</object>
		</transblock>
		<transblock>
			<translate x="0" y="0" z="-10"/>
			<scale x="100" y="100" z="0.3"/>
			<object type="primitive" name="cube" >
				<diffuse r="1" g="1" b="0"/>
			</object>
		</transblock>
		<transblock>
			<translate x="0" y="0.15" z="0"/>
			<scale x="1" y="0.3" z="1"/>
			<object type="primitive" name="cube" >
				<diffuse r="1" g="0" b="1"/>
			</object>
		</transblock>
		<transblock>
			<translate x="0" y="1.5" z="-0.5"/>
			<scale x="1" y="3" z="0.25"/>
			<object type="primitive" name="cube" >
				<diffuse r="1" g="0" b="1"/>
			</object>
		</transblock>
		<transblock>
			<translate x="0" y="0" z="0.1"/>
			<object type="master" name="Back" />
		</transblock>
		<transblock>
			<translate x="0" y="1.7" z="0.1"/>
			<scale x="0.7" y = "0.7" z = "1"/>
			<object type="master" name="Back" />
		</transblock>
		<transblock>
			<translate x="0" y="1.5" z="0.1"/>
			<rotate x="0" y="0" z="1" angle="90"/>
			<scale x="0.45" y = "0.45" z = "1"/>
			<object type="master" name="Back" />
		</transblock>
		<transblock>
			<translate x="0" y="1.5" z="0.1"/>
			<rotate x="0" y="0" z="1" angle="-90"/>
			<scale x="0.45" y = "0.45" z = "1"/>
			<object type="master" name="Back" />
		</transblock>
		<transblock>
			<translate x="0.22" y="-1" z="0"/>
			<rotate x="0" y="1" z="0" angle="-90"/>
			<scale x="0.85" y = "0.85" z = "1"/>
			<object type="master" name="Back" />
		</transblock>
		<transblock>
			<translate x="-1.2" y="-1" z="0"/>
			<rotate x="0" y="1" z="0" angle="-90"/>
			<scale x="0.85" y = "0.85" z = "1"/>
			<object type="master" name="Back" />
		</transblock>
		<transblock>
			<translate x="0.6" y="-0.4" z="0"/>
			<object type="master" name="Arm" />
		</transblock>
		<transblock>
			<translate x="-0.6" y="-0.4" z="0"/>
			<object type="master" name="Arm" />
		</transblock>
	</object>

	
	

</scenefile>

