<scenefile>
    <globaldata>
	<diffusecoeff v="0.5"/>
	<specularcoeff v="0.5"/>
	<ambientcoeff v="0.5"/>
    </globaldata>

    <cameradata>
	<pos x="2.5" y=".4" z="2.33"/>
	<focus x="-.6" y="0" z="-.6"/>
	<up x="0" y="1" z="0"/>
    </cameradata>

    
    <lightdata>
	<id v="0"/>
	<color r="1" g="1" b="1"/>
	<position x="4" y="4" z="4"/>
    </lightdata>

    <lightdata>
	<id v="1"/>
	<color r="1" g="1" b="1"/>
	<position x="-3" y="3" z="3"/>
    </lightdata>

    <lightdata>
	<id v="2"/>
	<color r="1" g="1" b="1"/>
	<position x="-3" y="3" z="-3"/>
    </lightdata>

    <lightdata>
	<id v="3"/>
	<color r="1" g="1" b="1"/>
	<position x="3" y="3" z="-3"/>
    </lightdata>




    <object type="tree" name="root">


	<transblock>
	    <translate x="-.3" y=".3" z="0"/>
	    <scale x=".4" y=".2" z=".2"/>
	    <rotate x="0" y="1" z="1" angle="180"/>
	    <object type="primitive" name="cylinder" >
		<diffuse r="1" g="1" b="1"/>
		</object>
	</transblock>
	<transblock>
	    <translate x=".1" y=".70" z="0"/>
	    <scale x=".6" y="0" z=".4"/>
	    <rotate x="0" y="1" z="" angle="90"/>
	    <object type="primitive" name="cone" >
		<diffuse r="1" g="0" b="1"/>
		</object>
	</transblock>



	<transblock>
	    <translate x=".1" y=".70" z="0"/>
	    <scale x=".6" y=".4" z=".4"/>
	    <rotate x="0" y="0" z="1" angle="90"/>
	    <object type="primitive" name="sphere" >
		<diffuse r="1" g="1" b="1"/>
		</object>
	</transblock>

	<transblock>	    
	    <translate x="-.4" y=".70" z="0"/>	
	    <scale x=".9" y=".4" z=".4"/>	
	    <rotate x="0" y="0" z="1" angle="90"/>
	    <object type="primitive" name="cone" >
		<diffuse r="1" g="1" b="1"/>
	    </object>
    	</transblock>

	<transblock>
	    <rotate x="0" y="0" z="1" angle="-45"/>
	    <scale x=".08" y=".7" z=".08"/>
	    <translate x="-2" y=".55" z="1.0"/>	    
	    <object type="primitive" name="cylinder" >
		<diffuse r="1" g="1" b="0"/>
	    </object>
    	</transblock>
	<transblock>
	    <rotate x="0" y="0" z="1" angle="-45"/>
	    <scale x=".08" y=".7" z=".08"/>
	    <translate x="-2" y=".55" z="-1.0"/>	    
	    <object type="primitive" name="cylinder" >
		<diffuse r="1" g="1" b="0"/>
	    </object>
    	</transblock>


	<transblock>
	    <rotate x="0" y="0" z="1" angle="100"/>
	    <scale x=".08" y="1" z=".08"/>
	    <translate x="2" y=".45" z="1.0"/>	    
	    <object type="primitive" name="cylinder" >
		<diffuse r="1" g="0" b="0"/>
	    </object>
    	</transblock>
	<transblock>
	    <rotate x="0" y="0" z="1" angle="100"/>
	    <scale x=".08" y="1" z=".08"/>
	    <translate x="2" y=".45" z="-1.0"/>	    
	    <object type="primitive" name="cylinder" >
		<diffuse r="1" g="0" b="0"/>
	    </object>
    </transblock>

    	<transblock>
	    <translate x=".46" y=".7" z="0"/>
	    <rotate x="1" y="0" z="0" angle="90"/>
	    <scale x=".08" y=".9" z=".08"/>	    
	    <object type="primitive" name="cylinder" >
		<diffuse r="1" g="0" b=""/>
	    </object>
    	 </transblock>

	 <transblock>
            
            <translate x="-.7" y=".3" z="-.1"/>
	    <rotate x="0" y="0" z="1" angle="135"/>
	    <scale x=".08" y=".8" z=".08"/>
	      
	    <object type="primitive" name="cylinder" >
		<diffuse r="1" g="0" b="0"/>
	    </object>
    	</transblock>
	<transblock>
	    <translate x="-.7" y=".3" z=".1"/>
	    <rotate x="0" y="0" z="1" angle="135"/>
	    <scale x=".08" y=".8" z=".08"/>	    	    
	    <object type="primitive" name="cylinder" >
		<diffuse r="1" g="0" b="0"/>
	</object>

    </transblock>
    	<transblock>
	    <translate x="-1" y="0" z="0"/>
	    <rotate x="1" y="0" z="0" angle="90"/>	
	    <scale x=".5" y=".2" z=".5"/>	    
	    <object type="primitive" name="cylinder" >
		<diffuse r="0" g="0" b="1"/>
	    </object>
   	</transblock>
	<transblock>
	    <translate x="1" y=".1" z="0"/>
	    <rotate x="1" y="0" z="0" angle="90"/>	
	    <scale x=".5" y=".2" z=".5"/>
	    <object type="primitive" name="cylinder" >
		<diffuse r="0" g="0" b="1"/>
	    </object>
   	</transblock>
	<transblock>
	    <rotate x="0" y="0" z="1" angle="45"/>
	    <scale x=".08" y=".9" z=".08"/>
	    <translate x="10" y="-.25" z="-1.5"/>
	    <object type="primitive" name="cylinder" >
		<diffuse r="1" g="0" b="0"/>
	    </object>
    	</transblock>
    	<transblock>
	    <rotate x="0" y="0" z="1" angle="45"/>
	    <scale x=".08" y=".9" z=".08"/>
	    <translate x="10" y="-.25" z="1.5"/>
	    <object type="primitive" name="cylinder" >
		<diffuse r="1" g="0" b="0"/>
	    </object>
	</transblock>
    </object>
</scenefile>

