<scenefile>
  <globaldata>
    <diffusecoeff v="0.8"/>
  </globaldata>

  <cameradata>
    <pos x="-1" y="-1.5" z="8"/>
    <focus x="0" y="0" z="0"/>
    <up x="0" y="1" z="0"/>
    <heightangle v="45"/>
  </cameradata>

  <lightdata>
    <id v="1"/>
    <position x="0" y="5" z="5"/>
    <color r="1" g="1" b="1"/>
  </lightdata>

  <lightdata>
    <id v="2"/>
    <position x="0" y="0" z="22"/>
    <color r="2" g="2" b="2"/>
  </lightdata>

  <object type="tree" name="root">
    <transblock>
      <scale x="1.5" y="1.5" z="1.5"/>
      <object type="primitive" name="sphere" >
        <diffuse r="0.5" g="0.5" b="0.5"/>
      </object>
    </transblock>
    <transblock>
      <scale x="1" y="1" z="1"/>
      <translate x="0" y="0" z="0.4"/>
      <object type="primitive" name="sphere" >
        <diffuse r="0" g="0" b="0"/>
      </object>
    </transblock>
    <transblock>
      <scale x="4" y="0.2" z="0.2"/>
      <object type="primitive" name="cylinder">
        <diffuse r="0.5" g="0.5" b="0.5"/>
      </object>
    </transblock>
    <transblock>
      <scale x="0.8" y="0.8" z="0.8"/>
      <translate x="1.3" y="0" z="0"/>
      <rotate x="0" y="0" z="1" angle="-90"/>
      <object type="primitive" name="cone">
        <diffuse r="0.5" g="0.5" b="0.5"/>
      </object>
    </transblock>
    <transblock>
      <scale x="-0.8" y="0.8" z="0.8"/>
      <translate x="1.3" y="0" z="0"/>
      <rotate x="0" y="0" z="1" angle="-90"/>
      <object type="primitive" name="cone">
        <diffuse r="0.5" g="0.5" b="0.5"/>
      </object>
    </transblock>
    <transblock>
      <translate x="2" y="0" z="0"/>
      <scale x="0.1" y="3.5" z="3"/>
      <object type="primitive" name="cube">
        <diffuse r="0.2" g="0.2" b="0.2"/>
      </object>
    </transblock>
    <transblock>
      <translate x="-2" y="0" z="0"/>
      <scale x="0.1" y="3.5" z="3"/>
      <object type="primitive" name="cube">
        <diffuse r="0.2" g="0.2" b="0.2"/>
      </object>
    </transblock>
    <transblock>
      <rotate x="1" y="0" z="0" angle="100"/>
      <translate x="0.35" y="0" z="0.45"/>
      <scale x="0.1" y="20" z="0.1"/>
      <object type="primitive" name="cylinder">
        <diffuse r="0" g="1" b="0"/>
      </object>
    </transblock>
    <transblock>
      <rotate x="1" y="0" z="0" angle="100"/>
      <rotate x="0" y="1" z="0" angle="20"/>
      <rotate x="0" y="0" z="1" angle="4"/>
      <rotate x="1" y="0" z="0" angle="-4"/>
      <translate x="-0.35" y="0" z="0.45"/>
      <scale x="0.1" y="20" z="0.1"/>
      <object type="primitive" name="cylinder">
        <diffuse r="0" g="1" b="0"/>
      </object>
    </transblock>
  </object>

</scenefile>

