<!-- by bherila, 2008 -->
<scenefile>
	<globaldata>
		<diffusecoeff v="0.5"/>
		<specularcoeff v="0.5"/>
		<ambientcoeff v="0.5"/>
	</globaldata>

	<lightdata>
		<id v="0"/>
		<color r="1" g="1" b="1"/>
		<position x="4" y="4" z="4"/>
	</lightdata>
	
	<object type="tree" name="root">
		<transblock>
			<translate x="-3" y="2" z="2" />
			<scale x="2.75" y="3.5" z="2.75" />
			<object type="tree">
				<!-- tree -->
				<transblock>
					<translate x="0" y="-0.5" z="0" />
					<scale x="0.5" y="1.5" z="0.5" />
					<object type="primitive" name="cylinder">
						<diffuse r="0.7" g="0.2" b="0"/>
					</object>
				</transblock>
				<transblock>
					<translate x="0" y="0" z="0" />
					<scale x="1.2" y="1.2" z="1.2" />
					<object type="primitive" name="cone">
						<diffuse r="0" g="1" b="0"/>
					</object>
				</transblock>
				<transblock>
					<translate x="0" y="0.3" z="0" />
					<scale x="1.0" y="1.0" z="1.0" />
					<object type="primitive" name="cone">
						<diffuse r="0" g="1" b="0"/>
					</object>
				</transblock>
				<transblock>
					<translate x="0" y="0.5" z="0" />
					<scale x="0.8" y="0.8" z="0.8" />
					<object type="primitive" name="cone">
						<diffuse r="0" g="1" b="0"/>
					</object>
				</transblock>
			</object>
		</transblock>
		<transblock>
			<translate x="-8" y="2" z="-2" />
			<scale x="2.75" y="3.5" z="2.75" />
			<object type="tree">
				<!-- tree -->
				<transblock>
					<translate x="0" y="-0.5" z="0" />
					<scale x="0.5" y="1.5" z="0.5" />
					<object type="primitive" name="cylinder">
						<diffuse r="0.7" g="0.2" b="0"/>
					</object>
				</transblock>
				<transblock>
					<translate x="0" y="0" z="0" />
					<scale x="1.2" y="1.2" z="1.2" />
					<object type="primitive" name="cone">
						<diffuse r="0" g="1" b="0"/>
					</object>
				</transblock>
				<transblock>
					<translate x="0" y="0.3" z="0" />
					<scale x="1.0" y="1.0" z="1.0" />
					<object type="primitive" name="cone">
						<diffuse r="0" g="1" b="0"/>
					</object>
				</transblock>
				<transblock>
					<translate x="0" y="0.5" z="0" />
					<scale x="0.8" y="0.8" z="0.8" />
					<object type="primitive" name="cone">
						<diffuse r="0" g="1" b="0"/>
					</object>
				</transblock>
			</object>
		</transblock>
		<transblock>
			<translate x="-8" y="2" z="-4" />
			<scale x="2.75" y="3.5" z="2.75" />
			<object type="tree">
				<!-- tree -->
				<transblock>
					<translate x="0" y="-0.5" z="0" />
					<scale x="0.5" y="1.5" z="0.5" />
					<object type="primitive" name="cylinder">
						<diffuse r="0.7" g="0.2" b="0"/>
					</object>
				</transblock>
				<transblock>
					<translate x="0" y="0" z="0" />
					<scale x="1.2" y="1.2" z="1.2" />
					<object type="primitive" name="cone">
						<diffuse r="0" g="1" b="0"/>
					</object>
				</transblock>
				<transblock>
					<translate x="0" y="0.3" z="0" />
					<scale x="1.0" y="1.0" z="1.0" />
					<object type="primitive" name="cone">
						<diffuse r="0" g="1" b="0"/>
					</object>
				</transblock>
				<transblock>
					<translate x="0" y="0.5" z="0" />
					<scale x="0.8" y="0.8" z="0.8" />
					<object type="primitive" name="cone">
						<diffuse r="0" g="1" b="0"/>
					</object>
				</transblock>
			</object>
		</transblock>
		<transblock>
			<translate x="-7" y="2" z="-9" />
			<scale x="2.75" y="3.5" z="2.75" />
			<object type="tree">
				<!-- tree -->
				<transblock>
					<translate x="0" y="-0.5" z="0" />
					<scale x="0.5" y="1.5" z="0.5" />
					<object type="primitive" name="cylinder">
						<diffuse r="0.7" g="0.2" b="0"/>
					</object>
				</transblock>
				<transblock>
					<translate x="0" y="0" z="0" />
					<scale x="1.2" y="1.2" z="1.2" />
					<object type="primitive" name="cone">
						<diffuse r="0" g="1" b="0"/>
					</object>
				</transblock>
				<transblock>
					<translate x="0" y="0.3" z="0" />
					<scale x="1.0" y="1.0" z="1.0" />
					<object type="primitive" name="cone">
						<diffuse r="0" g="1" b="0"/>
					</object>
				</transblock>
				<transblock>
					<translate x="0" y="0.5" z="0" />
					<scale x="0.8" y="0.8" z="0.8" />
					<object type="primitive" name="cone">
						<diffuse r="0" g="1" b="0"/>
					</object>
				</transblock>
			</object>
		</transblock>
		<transblock>
			<translate x="-4" y="2" z="-14" />
			<scale x="2.75" y="3.5" z="2.75" />
			<object type="tree">
				<!-- tree -->
				<transblock>
					<translate x="0" y="-0.5" z="0" />
					<scale x="0.5" y="1.5" z="0.5" />
					<object type="primitive" name="cylinder">
						<diffuse r="0.7" g="0.2" b="0"/>
					</object>
				</transblock>
				<transblock>
					<translate x="0" y="0" z="0" />
					<scale x="1.2" y="1.2" z="1.2" />
					<object type="primitive" name="cone">
						<diffuse r="0" g="1" b="0"/>
					</object>
				</transblock>
				<transblock>
					<translate x="0" y="0.3" z="0" />
					<scale x="1.0" y="1.0" z="1.0" />
					<object type="primitive" name="cone">
						<diffuse r="0" g="1" b="0"/>
					</object>
				</transblock>
				<transblock>
					<translate x="0" y="0.5" z="0" />
					<scale x="0.8" y="0.8" z="0.8" />
					<object type="primitive" name="cone">
						<diffuse r="0" g="1" b="0"/>
					</object>
				</transblock>
			</object>
		</transblock>
		<transblock>
			<translate x="1" y="2" z="-6" />
			<scale x="2.75" y="3.5" z="2.75" />
			<object type="tree">
				<!-- tree -->
				<transblock>
					<translate x="0" y="-0.5" z="0" />
					<scale x="0.5" y="1.5" z="0.5" />
					<object type="primitive" name="cylinder">
						<diffuse r="0.7" g="0.2" b="0"/>
					</object>
				</transblock>
				<transblock>
					<translate x="0" y="0" z="0" />
					<scale x="1.2" y="1.2" z="1.2" />
					<object type="primitive" name="cone">
						<diffuse r="0" g="1" b="0"/>
					</object>
				</transblock>
				<transblock>
					<translate x="0" y="0.3" z="0" />
					<scale x="1.0" y="1.0" z="1.0" />
					<object type="primitive" name="cone">
						<diffuse r="0" g="1" b="0"/>
					</object>
				</transblock>
				<transblock>
					<translate x="0" y="0.5" z="0" />
					<scale x="0.8" y="0.8" z="0.8" />
					<object type="primitive" name="cone">
						<diffuse r="0" g="1" b="0"/>
					</object>
				</transblock>
			</object>
		</transblock>
		<transblock>
			<translate x="-2" y="2" z="-7" />
			<scale x="2.75" y="3.5" z="2.75" />
			<object type="tree">
				<!-- tree -->
				<transblock>
					<translate x="0" y="-0.5" z="0" />
					<scale x="0.5" y="1.5" z="0.5" />
					<object type="primitive" name="cylinder">
						<diffuse r="0.7" g="0.2" b="0"/>
					</object>
				</transblock>
				<transblock>
					<translate x="0" y="0" z="0" />
					<scale x="1.2" y="1.2" z="1.2" />
					<object type="primitive" name="cone">
						<diffuse r="0" g="1" b="0"/>
					</object>
				</transblock>
				<transblock>
					<translate x="0" y="0.3" z="0" />
					<scale x="1.0" y="1.0" z="1.0" />
					<object type="primitive" name="cone">
						<diffuse r="0" g="1" b="0"/>
					</object>
				</transblock>
				<transblock>
					<translate x="0" y="0.5" z="0" />
					<scale x="0.8" y="0.8" z="0.8" />
					<object type="primitive" name="cone">
						<diffuse r="0" g="1" b="0"/>
					</object>
				</transblock>
			</object>
		</transblock>
		
		<transblock>
			<translate x="0" y="-3" z="0" />
			<scale x="100" y="0.01" z="100" />
			<object type="primitive" name="cube" >
				<diffuse r="1" g="1" b="1"/>
			</object>
		</transblock>
		<transblock>
			<scale x="1" y="1" z="1" />
			<translate x="0" y="0" z="-2" />
			<object type="tree">
				<transblock>
					<scale x="1.2" y="0.5" z="1.2" />
					<translate x="0" y="4.75" z="0" />
					<object type="primitive" name="cylinder" >
						<diffuse r="0.2" g="0.2" b="0.2"/>
					</object>
				</transblock>
				<transblock>
					<scale x="1.8" y="0.1" z="1.8" />
					<translate x="0" y="20" z="0" />
					<object type="primitive" name="cylinder" >
						<diffuse r="0.2" g="0.2" b="0.2"/>
					</object>
				</transblock>
				<transblock>
					<scale x="0.2" y="0.2" z="0.2" />
					<translate x="3" y="8" z="1" />
					<object type="primitive" name="sphere" >
						<diffuse r="0.2" g="0.2" b="0.2"/>
					</object>
				</transblock>
				<transblock>
					<scale x="0.2" y="0.2" z="0.2" />
					<translate x="1" y="8" z="3" />
					<object type="primitive" name="sphere" >
						<diffuse r="0.2" g="0.2" b="0.2"/>
					</object>
				</transblock>
				<transblock>
					<scale x="0.2" y="0.2" z="0.2" />
					<translate x="4" y="7" z="4" />
					<rotate x="1.2" y="0" z="-1.2" angle="90" />
					<object type="primitive" name="cone" >
						<diffuse r="0.8" g="0.4" b="0.1"/>
					</object>
				</transblock>
				
				<transblock>
					<scale x="1.5" y="1.5" z="1.5" />
					<translate x="0" y="0.8" z="0" />
					<object type="primitive" name="sphere" >
						<diffuse r="1" g="1" b="1"/>
					</object>
				</transblock>
				<transblock>
					<scale x="2" y="2" z="2" />
					<translate x="0" y="-.2" z="0" />
					<object type="primitive" name="sphere" >
						<diffuse r="1" g="1" b="1"/>
					</object>
				</transblock>
				<transblock>
					<scale x="3" y="3" z="3" />
					<translate x="0" y="-1" z="0" />
					<object type="primitive" name="sphere" >
						<diffuse r="1" g="1" b="1"/>
					</object>
				</transblock>
			</object>
		</transblock>
		<transblock>
			<scale x="1" y="1" z="1" />
			<translate x="2" y="-2" z="-1.5" />
			<object type="tree">
				<transblock>
					<scale x="1.2" y="0.5" z="1.2" />
					<translate x="0" y="4.75" z="0" />
					<object type="primitive" name="cylinder" >
						<diffuse r="0.2" g="0.2" b="0.2"/>
					</object>
				</transblock>
				<transblock>
					<scale x="1.8" y="0.1" z="1.8" />
					<translate x="0" y="20" z="0" />
					<object type="primitive" name="cylinder" >
						<diffuse r="0.2" g="0.2" b="0.2"/>
					</object>
				</transblock>
				<transblock>
					<scale x="0.2" y="0.2" z="0.2" />
					<translate x="3" y="8" z="1" />
					<object type="primitive" name="sphere" >
						<diffuse r="0.2" g="0.2" b="0.2"/>
					</object>
				</transblock>
				<transblock>
					<scale x="0.2" y="0.2" z="0.2" />
					<translate x="1" y="8" z="3" />
					<object type="primitive" name="sphere" >
						<diffuse r="0.2" g="0.2" b="0.2"/>
					</object>
				</transblock>
				<transblock>
					<scale x="0.2" y="0.2" z="0.2" />
					<translate x="4" y="7" z="4" />
					<rotate x="1.2" y="0" z="-1.2" angle="90" />
					<object type="primitive" name="cone" >
						<diffuse r="0.8" g="0.4" b="0.1"/>
					</object>
				</transblock>
				
				<transblock>
					<scale x="1.5" y="1.5" z="1.5" />
					<translate x="0" y="0.8" z="0" />
					<object type="primitive" name="sphere" >
						<diffuse r="1" g="1" b="1"/>
					</object>
				</transblock>
				<transblock>
					<scale x="2" y="2" z="2" />
					<translate x="0" y="-.2" z="0" />
					<object type="primitive" name="sphere" >
						<diffuse r="1" g="1" b="1"/>
					</object>
				</transblock>
			</object>
		</transblock>
		<transblock>
			<scale x="1" y="1" z="1" />
			<translate x="-4" y="0" z="-4" />
			<object type="tree">
				<transblock>
					<scale x="1.2" y="0.5" z="1.2" />
					<translate x="0" y="4.75" z="0" />
					<object type="primitive" name="cylinder" >
						<diffuse r="0.2" g="0.2" b="0.2"/>
					</object>
				</transblock>
				<transblock>
					<scale x="1.8" y="0.1" z="1.8" />
					<translate x="0" y="20" z="0" />
					<object type="primitive" name="cylinder" >
						<diffuse r="0.2" g="0.2" b="0.2"/>
					</object>
				</transblock>
				<transblock>
					<scale x="0.2" y="0.2" z="0.2" />
					<translate x="3" y="8" z="1" />
					<object type="primitive" name="sphere" >
						<diffuse r="0.2" g="0.2" b="0.2"/>
					</object>
				</transblock>
				<transblock>
					<scale x="0.2" y="0.2" z="0.2" />
					<translate x="1" y="8" z="3" />
					<object type="primitive" name="sphere" >
						<diffuse r="0.2" g="0.2" b="0.2"/>
					</object>
				</transblock>
				<transblock>
					<scale x="0.2" y="0.2" z="0.2" />
					<translate x="4" y="7" z="4" />
					<rotate x="1.2" y="0" z="-1.2" angle="90" />
					<object type="primitive" name="cone" >
						<diffuse r="0.8" g="0.4" b="0.1"/>
					</object>
				</transblock>
				
				<transblock>
					<scale x="1.5" y="1.5" z="1.5" />
					<translate x="0" y="0.8" z="0" />
					<object type="primitive" name="sphere" >
						<diffuse r="1" g="1" b="1"/>
					</object>
				</transblock>
				<transblock>
					<scale x="2" y="2" z="2" />
					<translate x="0" y="-.2" z="0" />
					<object type="primitive" name="sphere" >
						<diffuse r="1" g="1" b="1"/>
					</object>
				</transblock>
				<transblock>
					<scale x="3" y="3" z="3" />
					<translate x="0" y="-1" z="0" />
					<object type="primitive" name="sphere" >
						<diffuse r="1" g="1" b="1"/>
					</object>
				</transblock>
			</object>
		</transblock>
		<transblock>
			<scale x="1" y="1" z="1" />
			<translate x="-4" y="0" z="-4" />
			<object type="tree">
				<transblock>
					<scale x="1.2" y="0.5" z="1.2" />
					<translate x="0" y="4.75" z="0" />
					<object type="primitive" name="cylinder" >
						<diffuse r="0.2" g="0.2" b="0.2"/>
					</object>
				</transblock>
				<transblock>
					<scale x="1.8" y="0.1" z="1.8" />
					<translate x="0" y="20" z="0" />
					<object type="primitive" name="cylinder" >
						<diffuse r="0.2" g="0.2" b="0.2"/>
					</object>
				</transblock>
				<transblock>
					<scale x="0.2" y="0.2" z="0.2" />
					<translate x="3" y="8" z="1" />
					<object type="primitive" name="sphere" >
						<diffuse r="0.2" g="0.2" b="0.2"/>
					</object>
				</transblock>
				<transblock>
					<scale x="0.2" y="0.2" z="0.2" />
					<translate x="1" y="8" z="3" />
					<object type="primitive" name="sphere" >
						<diffuse r="0.2" g="0.2" b="0.2"/>
					</object>
				</transblock>
				<transblock>
					<scale x="0.2" y="0.2" z="0.2" />
					<translate x="4" y="7" z="4" />
					<rotate x="1.2" y="0" z="-1.2" angle="90" />
					<object type="primitive" name="cone" >
						<diffuse r="0.8" g="0.4" b="0.1"/>
					</object>
				</transblock>
				
				<transblock>
					<scale x="1.5" y="1.5" z="1.5" />
					<translate x="0" y="0.8" z="0" />
					<object type="primitive" name="sphere" >
						<diffuse r="1" g="1" b="1"/>
					</object>
				</transblock>
				<transblock>
					<scale x="2" y="2" z="2" />
					<translate x="0" y="-.2" z="0" />
					<object type="primitive" name="sphere" >
						<diffuse r="1" g="1" b="1"/>
					</object>
				</transblock>
				<transblock>
					<scale x="3" y="3" z="3" />
					<translate x="0" y="-1" z="0" />
					<object type="primitive" name="sphere" >
						<diffuse r="1" g="1" b="1"/>
					</object>
				</transblock>
			</object>
		</transblock>
		<transblock>
			<scale x="1" y="1" z="1" />
			<translate x="-3" y="0" z="-1" />
			<object type="tree">
				<transblock>
					<scale x="1.2" y="0.5" z="1.2" />
					<translate x="0" y="4.75" z="0" />
					<object type="primitive" name="cylinder" >
						<diffuse r="0.2" g="0.2" b="0.2"/>
					</object>
				</transblock>
				<transblock>
					<scale x="1.8" y="0.1" z="1.8" />
					<translate x="0" y="20" z="0" />
					<object type="primitive" name="cylinder" >
						<diffuse r="0.2" g="0.2" b="0.2"/>
					</object>
				</transblock>
				<transblock>
					<scale x="0.2" y="0.2" z="0.2" />
					<translate x="3" y="8" z="1" />
					<object type="primitive" name="sphere" >
						<diffuse r="0.2" g="0.2" b="0.2"/>
					</object>
				</transblock>
				<transblock>
					<scale x="0.2" y="0.2" z="0.2" />
					<translate x="1" y="8" z="3" />
					<object type="primitive" name="sphere" >
						<diffuse r="0.2" g="0.2" b="0.2"/>
					</object>
				</transblock>
				<transblock>
					<scale x="0.2" y="0.2" z="0.2" />
					<translate x="4" y="7" z="4" />
					<rotate x="1.2" y="0" z="-1.2" angle="90" />
					<object type="primitive" name="cone" >
						<diffuse r="0.8" g="0.4" b="0.1"/>
					</object>
				</transblock>
				
				<transblock>
					<scale x="1.5" y="1.5" z="1.5" />
					<translate x="0" y="0.8" z="0" />
					<object type="primitive" name="sphere" >
						<diffuse r="1" g="1" b="1"/>
					</object>
				</transblock>
				<transblock>
					<scale x="2" y="2" z="2" />
					<translate x="0" y="-.2" z="0" />
					<object type="primitive" name="sphere" >
						<diffuse r="1" g="1" b="1"/>
					</object>
				</transblock>
				<transblock>
					<scale x="3" y="3" z="3" />
					<translate x="0" y="-1" z="0" />
					<object type="primitive" name="sphere" >
						<diffuse r="1" g="1" b="1"/>
					</object>
				</transblock>
			</object>
		</transblock>
		<transblock>
			<scale x="1" y="1" z="1" />
			<translate x="0" y="0" z="0" />
			<object type="tree">
				<transblock>
					<scale x="1.2" y="0.5" z="1.2" />
					<translate x="0" y="4.75" z="0" />
					<object type="primitive" name="cylinder" >
						<diffuse r="0.2" g="0.2" b="0.2"/>
					</object>
				</transblock>
				<transblock>
					<scale x="1.8" y="0.1" z="1.8" />
					<translate x="0" y="20" z="0" />
					<object type="primitive" name="cylinder" >
						<diffuse r="0.2" g="0.2" b="0.2"/>
					</object>
				</transblock>
				<transblock>
					<scale x="0.2" y="0.2" z="0.2" />
					<translate x="3" y="8" z="1" />
					<object type="primitive" name="sphere" >
						<diffuse r="0.2" g="0.2" b="0.2"/>
					</object>
				</transblock>
				<transblock>
					<scale x="0.2" y="0.2" z="0.2" />
					<translate x="1" y="8" z="3" />
					<object type="primitive" name="sphere" >
						<diffuse r="0.2" g="0.2" b="0.2"/>
					</object>
				</transblock>
				<transblock>
					<scale x="0.2" y="0.2" z="0.2" />
					<translate x="7" y="10" z="7" />
					<rotate x="1.2" y="0" z="-1.2" angle="90" />
					<object type="primitive" name="cone" >
						<diffuse r="0.8" g="0.4" b="0.1"/>
					</object>
				</transblock>
				
				<transblock>
					<scale x="1.5" y="1.5" z="1.5" />
					<translate x="0" y="0.8" z="0" />
					<object type="primitive" name="sphere" >
						<diffuse r="1" g="1" b="1"/>
					</object>
				</transblock>
				<transblock>
					<scale x="2" y="2" z="2" />
					<translate x="0" y="-.2" z="0" />
					<object type="primitive" name="sphere" >
						<diffuse r="1" g="1" b="1"/>
					</object>
				</transblock>
				<transblock>
					<scale x="3" y="3" z="3" />
					<translate x="0" y="-1" z="0" />
					<object type="primitive" name="sphere" >
						<diffuse r="1" g="1" b="1"/>
					</object>
				</transblock>
			</object>
		</transblock>
		<!-- -->
	</object>

</scenefile>
