<scenefile>
	<cameradata>
		<pos x="3.2" y=".9" z="4.2"/>
		<up x="0" y="1" z="0"/>
		<focus x=".7" y="-.5" z="0"/>
		<heightangle v="50"/>
	</cameradata>

	<lightdata>
      <id v="0"/>
        <position x="2" y="1.1" z="2"/>
		<color r="1" g="1" b="1"/>
        <function v1="0.1" v2="1" v3="0"/>
	</lightdata>
	<lightdata>
		<id v="1"/>
		<position x="0" y=".5" z="2"/>
		<color r="1" g="1" b="1"/>
		<function v1=".1" v2="1" v3="0"/>
	</lightdata>
	<lightdata>
		<id v="2"/>
		<position x="2" y="1.8" z="1"/>
		<color r="1" g="1" b="1"/>
		<function v1="0.1" v2="1" v3="0"/>
	</lightdata>
	<lightdata>
		<id v="3"/>
		<position x="-.5" y="0" z="2.5"/>
		<color r="1" g="1" b="1"/>
		<function v1=".1" v2="1" v3="0"/>
	</lightdata>
    <lightdata>
      <id v="4"/>
      <position x="2.5" y="1.5" z="0"/>
      <color r="1" g="1" b="1"/>
      <function v1=".1" v2="1" v3="0"/>
    </lightdata>
    <lightdata>
      <id v="5"/>
      <position x="2.5" y="-1.5" z="0"/>
      <color r="1" g="1" b="1"/>
      <function v1=".1" v2="1" v3="0"/>
    </lightdata>
            
    <object type="tree" name="disc">
      <transblock>
        <scale x="2.8" y="0.02" z="2.8"/>
        <object type="primitive" name="cylinder" >
          <diffuse r="0.4" g="0.4" b="0.4"/>
        </object>
      </transblock>
      <transblock>
        <scale x="1.5" y="0.294" z="1.5"/>
        <object type="primitive" name="cylinder" >
          <diffuse r="0.3" g="0.25" b="0.25"/>
        </object>
      </transblock>
      <transblock>
        <translate x="0" y="0.11" z="0"/>
        <scale x="2.8" y="0.20" z="2.8"/>
        <object type="primitive" name="cone" >
          <diffuse r="0.4" g="0.4" b="0.4"/>
        </object>
      </transblock>
      <transblock>
        <translate x="0" y="-0.1" z="0"/>
        <scale x="2.8" y="0.18" z="2.8"/>
        <rotate x="0" y="0" z="1" angle="180" />
        <object type="primitive" name="cone" >
          <diffuse r="0.4" g="0.4" b="0.4"/>
        </object>
      </transblock>
      <transblock>
        <scale x="2.3" y="0.38" z="2.3"/>
        <object type="primitive" name="sphere" >
          <diffuse r="0.4" g="0.4" b="0.4"/>
        </object>
      </transblock>
      <transblock>
        <translate x="0" y="0.185" z="0"/>
        <scale x=".5" y="0.08" z=".35"/>
        <object type="primitive" name="sphere" >
          <diffuse r="0.4" g="0.4" b="0.4"/>
        </object>
      </transblock>
    </object>
    
    
    <object type="tree" name="body">
      <transblock>
        <translate x=".31" y="-.02" z="0"/>
        <scale x="1.25" y="1" z="1"/>
        <rotate x="0" y="0" z="1" angle="-15" />
        <scale x=".5" y="0.55" z=".15"/>
        <object type="primitive" name="cylinder" >
          <diffuse r="0.4" g="0.4" b="0.4"/>
        </object>
      </transblock>
      <transblock>
        <translate x=".31" y="-.01" z="0"/>
        <scale x="1.25" y="1" z="1"/>
        <rotate x="0" y="0" z="1" angle="-195" />
        <translate x="-.02" y="-.1" z="0"/>
        <scale x=".54" y="0.3" z=".18"/>
        <object type="primitive" name="cone" >
          <diffuse r="0.4" g="0.4" b="0.4"/>
        </object>
      </transblock>
      <transblock>
        <translate x=".31" y="-.02" z="0"/>
        <scale x="1.25" y="1" z="1"/>
        <rotate x="0" y="0" z="1" angle="-17" />
        <translate x="-.04" y="-.06" z="0"/>
        <scale x=".58" y="0.4" z=".2"/>
        <object type="primitive" name="cone" >
          <diffuse r="0.4" g="0.4" b="0.4"/>
        </object>
      </transblock>
      
      <transblock>
        <translate x="-.1" y="-.25" z="0"/>
        <scale x="1.3" y="0.2" z=".7"/>
        <object type="primitive" name="cone" >
          <diffuse r="0.4" g="0.4" b="0.4"/>
        </object>
      </transblock>
      <transblock>
        <translate x="-.1" y="-.35" z="0"/>
        <scale x="1.3" y="0.02" z=".7"/>
        <object type="primitive" name="cylinder" >
          <diffuse r="0.4" g="0.4" b="0.4"/>
        </object>
      </transblock>
      <transblock>
        <translate x="-.3" y="-.29" z="0"/>
        <scale x="1.5" y="0.12" z=".7"/>
        <object type="primitive" name="cone" >
          <diffuse r="0.4" g="0.4" b="0.4"/>
        </object>
      </transblock>
      <transblock>
        <translate x="-.3" y="-.35" z="0"/>
        <scale x="1.5" y="0.02" z=".7"/>
        <object type="primitive" name="cylinder" >
          <diffuse r="0.4" g="0.4" b="0.4"/>
        </object>
      </transblock>
      <transblock>
        <translate x="-.35" y="-.39" z="0"/>
        <scale x="1.2" y="0.06" z=".6"/>
        <object type="primitive" name="cylinder" >
          <diffuse r="0.4" g="0.4" b="0.4"/>
        </object>
      </transblock>
      <transblock>
        <translate x="-.35" y="-.42" z="0"/>
        <scale x="1.2" y="0.3" z=".6"/>
        <object type="primitive" name="sphere" >
          <diffuse r="0.4" g="0.4" b="0.4"/>
        </object>
      </transblock>
      <transblock>
        <rotate x="0" y="0" z="1" angle="3"/>
        <translate x="-0" y="-.43" z="0"/>
        <scale x=".6" y="0.23" z=".58"/>
        <rotate x="0" y="0" z="1" angle="90"/>
        <object type="primitive" name="cylinder" >
          <diffuse r="0.4" g="0.4" b="0.4"/>
        </object>
      </transblock>
      <transblock>
        <rotate x="0" y="0" z="1" angle="3"/>
        <translate x="0.001" y="-.43" z="0"/>
        <scale x=".6" y="0.18" z=".45"/>
        <rotate x="0" y="0" z="1" angle="90"/>
        <object type="primitive" name="cylinder" >
          <diffuse r="0.7" g="0.4" b="0.3"/>
        </object>
      </transblock>
      <transblock>
        <rotate x="0" y="0" z="1" angle="3"/>
        <translate x=".002" y="-.43" z="0"/>
        <scale x=".6" y="0.14" z=".35"/>
        <rotate x="0" y="0" z="1" angle="90"/>
        <object type="primitive" name="cylinder" >
          <diffuse r="0.4" g="0.4" b="0.7"/>
        </object>
      </transblock>
      <transblock>
        <rotate x="0" y="0" z="1" angle="3"/>
        <translate x=".003" y="-.43" z="0"/>
        <scale x=".6" y="0.1" z=".25"/>
        <rotate x="0" y="0" z="1" angle="90"/>
        <object type="primitive" name="cylinder" >
          <diffuse r="0.7" g="0.4" b="0.3"/>
        </object>
      </transblock>
            
      <transblock>
        <translate x="-.95" y="-.35" z="0"/>
        <scale x=".3" y="0.009999" z="1.25"/>
        <rotate x="0" y="1" z="" angle="45"/>
        <object type="primitive" name="cube" >
          <diffuse r="0.4" g="0.4" b="0.4"/>
        </object>
      </transblock>
      <transblock>
        <translate x="-1.15" y="-.35" z="0"/>
        <scale x=".4" y="0.01" z="1.8"/>
        <object type="primitive" name="cube" >
          <diffuse r="0.4" g="0.4" b="0.4"/>
        </object>
      </transblock>
      <transblock>
        <translate x="-1.15" y="-.327" z="0.946"/>
        <rotate x="1" y="0" z="0" angle="-25"/>
        <scale x=".4" y="0.01" z=".11"/>
        <object type="primitive" name="cube" >
          <diffuse r="0.4" g="0.4" b="0.4"/>
        </object>
      </transblock>
      <transblock>
        <translate x="-1.15" y="-.327" z="-0.946"/>
        <rotate x="1" y="0" z="0" angle="25"/>
        <scale x=".4" y="0.01" z=".11"/>
        <object type="primitive" name="cube" >
          <diffuse r="0.4" g="0.4" b="0.4"/>
        </object>
      </transblock>
    </object>
    
    <object type="tree" name="engine">
      <transblock>
        <scale x="1" y="0.15" z="0.3"/>
        <rotate x="0" y="0" z="1" angle="90" />
        <object type="primitive" name="cylinder" >
          <diffuse r="0.4" g="0.4" b="0.4"/>
        </object>
      </transblock>
      <transblock>
        <translate x=".2" y="0.065" z="0.03"/>
        <scale x=".5" y="0.02" z="0.01"/>
        <object type="primitive" name="cube" >
          <diffuse r="0.5" g="0.2" b="0.2"/>
        </object>
      </transblock>
      <transblock>
        <translate x=".2" y="0.065" z="-0.03"/>
        <scale x=".5" y="0.02" z="0.01"/>
        <object type="primitive" name="cube" >
          <diffuse r="0.5" g="0.2" b="0.2"/>
        </object>
      </transblock>
      <transblock>
        <translate x=".58" y="0" z="0"/>
        <scale x="0.3" y="0.13" z="0.293"/>
        <rotate x="0" y="0" z="1" angle="90" />
        <object type="primitive" name="sphere" >
          <diffuse r="0.7" g="0.1" b="0.1"/>
        </object>
      </transblock>
      <transblock>
        <translate x=".58" y="0" z="0"/>
        <scale x="0.24" y="0.15" z="0.3"/>
        <rotate x="0" y="0" z="1" angle="90" />
        <object type="primitive" name="sphere" >
          <diffuse r="0.4" g="0.4" b="0.4"/>
        </object>
      </transblock>
      <transblock>
        <translate x=".56" y="0" z="0"/>
        <scale x="0.04" y="0.15" z="0.3"/>
        <rotate x="0" y="0" z="1" angle="90" />
        <object type="primitive" name="cylinder" >
          <diffuse r="0.4" g="0.4" b="0.4"/>
        </object>
      </transblock>
      <transblock>
        <translate x=".51" y="0" z="0"/>
        <scale x="0.004" y="0.145" z="0.3"/>
        <rotate x="0" y="0" z="1" angle="90" />
        <object type="primitive" name="cylinder" >
          <diffuse r="0.3" g="0.3" b="0.3"/>
        </object>
      </transblock>
      <transblock>
        <translate x=".52" y="0" z="0"/>
        <scale x="0.004" y="0.145" z="0.3"/>
        <rotate x="0" y="0" z="1" angle="90" />
        <object type="primitive" name="cylinder" >
          <diffuse r="0.3" g="0.3" b="0.3"/>
        </object>
      </transblock>
      <transblock>
        <translate x=".53" y="0" z="0"/>
        <scale x="0.004" y="0.145" z="0.3"/>
        <rotate x="0" y="0" z="1" angle="90" />
        <object type="primitive" name="cylinder" >
          <diffuse r="0.3" g="0.3" b="0.3"/>
        </object>
      </transblock>
      <transblock>
        <translate x=".54" y="0" z="0"/>
        <scale x="0.004" y="0.145" z="0.3"/>
        <rotate x="0" y="0" z="1" angle="90" />
        <object type="primitive" name="cylinder" >
          <diffuse r="0.3" g="0.3" b="0.3"/>
        </object>
      </transblock>
      <transblock>
        <translate x=".5" y="0" z="0"/>
        <scale x="0.1" y="0.11" z="0.279"/>
        <rotate x="0" y="0" z="1" angle="90" />
        <object type="primitive" name="cylinder" >
          <diffuse r="0.3" g="0.3" b="0.3"/>
        </object>
      </transblock>
      <transblock>
        <translate x="-.5" y="0" z="0"/>
        <scale x="0.2" y="0.15" z=".3"/>
        <rotate x="0" y="0" z="1" angle="90" />
        <object type="primitive" name="sphere" >
          <diffuse r="0.4" g="0.4" b="0.4"/>
        </object>
      </transblock>
      <transblock>
        <translate x="-.05" y="0" z="0"/>
        <scale x=".94" y=".05" z="0.3"/>
        <object type="primitive" name="cube" >
          <diffuse r="0.25" g="0.3" b=".7"/>
        </object>
      </transblock>
      <transblock>
        <translate x="-.5" y="0" z="0"/>
        <scale x="0.2" y=".05" z="0.3"/>
        <object type="primitive" name="cylinder" >
          <diffuse r="0.25" g="0.3" b=".7"/>
        </object>
      </transblock>
      <transblock>
        <translate x="-.18" y="-.17" z="0"/>
        <rotate x="0" y="0" z="1" angle="5"/>
        <scale x=".75" y=".2" z="0.1"/>
        <rotate x="0" y="0" z="1" angle="160"/>
        <object type="primitive" name="cone" >
          <diffuse r="0.5" g="0.5" b=".5"/>
        </object>
      </transblock>
      <transblock>
        <translate x="-.22" y="-.19" z="0"/>
        <scale x="1.1" y="1" z="1"/>
        <rotate x="0" y="0" z="1" angle="24"/>
        <scale x=".35" y=".2" z="0.02"/>
        <rotate x="0" y="0" z="1" angle="-38"/>
        <object type="primitive" name="cube" >
          <diffuse r="0.5" g="0.5" b=".5"/>
        </object>
      </transblock>
    </object>
    
    <object type="tree" name="enterprise">
        <transblock>
            <translate x="1.5" y="0.1" z="0"/>
            <object type="master" name="disc" />
        </transblock>
        <transblock>
            <translate x="0" y="-.2" z="0"/>
            <object type="master" name="body" />
        </transblock>
        <transblock>
            <translate x="-.8" y="-.2" z="1"/>
            <scale x="1.2" y="1" z="1"/>
			<object type="master" name="engine" />
        </transblock>
        <transblock>
            <translate x="-.8" y="-.2" z="-1"/>
            <scale x="1.2" y="1" z="1"/>
            <object type="master" name="engine" />
        </transblock>
	</object>
    
    <object type="tree" name="root">
        <transblock>
            <object type="master" name="enterprise" />
        </transblock>
    </object>

</scenefile>

